{
    "master": 0.9139561653137207,
    "music": 0.3283461630344391,
    "effect": 0.00009999999747378752
}