{
    "master": 0.477414071559906,
    "music": 0.4881744980812073,
    "effect": 0.2835851013660431
}