{
    "master": 0.3628000319004059,
    "music": 0.4262303411960602,
    "effect": 1.0
}