{
    "master": 0.8930914998054504,
    "music": 0.00009999999747378752,
    "effect": 0.7460035085678101
}