{
    "master": 0.3628000319004059,
    "music": 0.00009999999747378752,
    "effect": 1.0
}