{
    "master": 0.00009999999747378752,
    "music": 0.3283461630344391,
    "effect": 0.23424513638019563
}