{
    "master": 0.4839271903038025,
    "music": 0.3283461630344391,
    "effect": 0.23424513638019563
}