{
    "master": 0.3628000319004059,
    "music": 0.5471718907356262,
    "effect": 0.2835851013660431
}