{
    "master": 0.36367183923721316,
    "music": 0.3283461630344391,
    "effect": 0.23424513638019563
}