{
    "master": 0.8930914998054504,
    "music": 0.398135244846344,
    "effect": 0.7460035085678101
}