{
    "master": 0.2378806620836258,
    "music": 0.00009999999747378752,
    "effect": 0.00009999999747378752
}